"Trust","ListId","Total","PlayerWS","Mobskill","MsIds","MissingLua","AllMs","Empty"
"AAEV","1108","4","4","0","","","False","False"
"AAGK","1111","5","5","0","","","False","False"
"AAHM","1107","4","4","0","","","False","False"
"AAMR","1109","5","5","0","","","False","False"
"Abenzio","1074","4","0","4","3355,3356,3357,3358","3355(NO_SQL); 3356(NO_SQL); 3357(NO_SQL); 3358(NO_SQL)","True","False"
"Abquhbah","1097","6","5","1","3541","3541(NO_SQL)","False","False"
"Adelheid","1083","4","0","4","3466,3467,3468,3469","3466(NO_SQL); 3467(NO_SQL); 3468(NO_SQL); 3469(NO_SQL)","True","False"
"Ajido-Marujido","1019","1","1","0","","","False","False"
"Aldo","1045","1","1","0","","","False","False"
"Aldo_UC","1122","1","1","0","","","False","False"
"Amchuchu","1084","3","3","0","","","False","False"
"Apururu_UC","1070","1","1","0","","","False","False"
"Arciela","1080","3","3","0","","","False","False"
"Arciela_II","1132","1","1","0","","","False","False"
"Areuhat","1054","5","3","2","3438,3439","3438(NO_SQL); 3439(NO_SQL)","False","False"
"August","1099","6","0","6","3653,3654,3655,3656,3657,3658","3653(NO_SQL); 3654(NO_SQL); 3655(NO_SQL); 3656(NO_SQL); 3657(NO_SQL); 3658(NO_SQL)","True","False"
"August_Melee","1197","4","0","4","3648,3649,3650,3651","3648(NO_SQL); 3649(NO_SQL); 3650(NO_SQL); 3651(NO_SQL)","True","False"
"Ayame","1015","8","8","0","","","False","False"
"Ayame_UC","1120","4","4","0","","","False","False"
"Babban","1073","4","4","0","","","False","False"
"Balamor","1098","4","4","0","","","False","False"
"Brygid","1085","1","1","0","","","False","False"
"Chacharoon","1078","1","1","0","","","False","False"
"Cherukiki","1031","1","1","0","","","False","False"
"Cid","1052","5","5","0","","","False","False"
"Curilla","1017","4","4","0","","","False","False"
"D_Shantotto","1049","1","1","0","","","False","False"
"Darrcuiln","1106","4","4","0","","","False","False"
"Elivira","1056","4","4","0","","","False","False"
"Excenmille","1014","3","3","0","","","False","False"
"Excenmille_S","1119","4","4","0","","","False","False"
"Fablinix","1047","2","0","2","3261,3262","3261(NO_SQL); 3262(NO_SQL)","True","False"
"Ferreous_Coffin","1059","1","1","0","","","False","False"
"Flaviria_UC","1072","3","3","0","","","False","False"
"Gadalar","1034","1","1","0","","","False","False"
"Gessho","1033","5","0","5","3256,3257,3258,3259,3260","3256(NO_SQL); 3257(NO_SQL); 3258(NO_SQL); 3259(NO_SQL); 3260(NO_SQL)","True","False"
"Gilgamesh","1053","5","5","0","","","False","False"
"Halver","1087","3","3","0","","","False","False"
"Ingrid","1036","1","1","0","","","False","False"
"Ingrid_II","1131","1","1","0","","","False","False"
"Invincible_Shield_UC","1069","4","4","0","","","False","False"
"Iroha","1112","6","0","6","1390,1391,1392,1393,1394,1395","1390(NO_SQL); 1391(NO_SQL); 1392(NO_SQL); 1393(NO_SQL); 1394(NO_SQL); 1395(NO_SQL)","True","False"
"Iroha_II","1133","6","0","6","1390,1391,1392,1393,1394,1395","1390(NO_SQL); 1391(NO_SQL); 1392(NO_SQL); 1393(NO_SQL); 1394(NO_SQL); 1395(NO_SQL)","True","False"
"Iron_Eater","1032","3","3","0","","","False","False"
"Jakoh_Wahcondalo_UC","1071","4","4","0","","","False","False"
"Joachim","1026","1","1","0","","","False","False"
"Karaha-Baruha","1051","5","3","2","3336,3337","3336(NO_SQL); 3337(NO_SQL)","False","False"
"Kayeel-Payeel","1091","1","1","0","","","False","False"
"King_of_Hearts","1104","3","3","0","","","False","False"
"Klara","1063","4","4","0","","","False","False"
"Koru-Moru","1067","1","1","0","","","False","False"
"Kukki-Chebukki","1076","1","1","0","","","False","False"
"Kupipi","1013","2","2","0","","","False","False"
"Kupofried","1093","1","1","0","","","False","False"
"Kuyin_Hathdenna","1065","1","1","0","","","False","False"
"Lehko_Habhoka","1037","4","0","4","3230,3231,3232,3233","3230(NO_SQL); 3231(NO_SQL); 3232(NO_SQL); 3233(NO_SQL)","True","False"
"Leonoyne","1089","1","1","0","","","False","False"
"Lhe_Lhangavo","1079","5","5","0","","","False","False"
"Lhu_Mhakaracca","1058","4","4","0","","","False","False"
"Lilisette","1060","5","5","0","","","False","False"
"Lilisette_II","1128","5","5","0","","","False","False"
"Lion","1022","4","0","4","3198,3199,3200,3201","3198(NO_SQL); 3199(NO_SQL); 3200(NO_SQL); 3201(NO_SQL)","True","False"
"Lion_II","1124","4","0","4","3491,3492,3493,3494","3491(NO_SQL); 3492(NO_SQL); 3493(NO_SQL); 3494(NO_SQL)","True","False"
"Luzaf","1043","5","5","0","","","False","False"
"Maat","1048","6","0","6","3263,3413,3414,3415,3416,3417","3263(NO_SQL); 3413(NO_SQL); 3414(NO_SQL); 3415(NO_SQL); 3416(NO_SQL); 3417(NO_SQL)","True","False"
"Maat_UC","1121","1","0","1","3496","3496(NO_SQL)","True","False"
"Makki-Chebukki","1103","3","3","0","","","False","False"
"Margret","1077","4","4","0","","","False","False"
"Mastui-P","1148","6","6","0","","","False","False"
"Maximilian","1090","4","4","0","","","False","False"
"Mayakov","1081","4","4","0","","","False","False"
"Mihli_Aliapoh","1024","4","3","1","3203","3203(NO_SQL)","False","False"
"Mildaurion","1086","4","0","4","3470,3471,3472,3473","3470(NO_SQL); 3471(NO_SQL); 3472(NO_SQL); 3473(NO_SQL)","True","False"
"Mnejing","1041","3","0","3","1940,1941,3245","1940(NO_SQL); 1941(NO_SQL); 3245(NO_SQL)","True","False"
"Monberaux","1114","1","1","0","","","False","False"
"Moogle","1046","1","1","0","","","False","False"
"Morimar","1105","5","5","0","","","False","False"
"Mumor","1061","1","1","0","","","False","False"
"Mumor_II","1130","1","1","0","","","False","False"
"Naja_Salaheem","1027","4","3","1","3215","3215(NO_SQL)","False","False"
"Naja_Salaheem_UC","1123","4","3","1","3215","3215(NO_SQL)","False","False"
"Najelith","1044","5","5","0","","","False","False"
"Naji","1012","3","3","0","","","False","False"
"Nanaa_Mihgo","1016","3","2","1","3189","3189(NO_SQL)","False","False"
"Nashmeira","1038","1","0","1","3243","3243(NO_SQL)","True","False"
"Nashmeira_II","1127","1","0","1","3243","3243(NO_SQL)","True","False"
"Noillurie","1057","5","5","0","","","False","False"
"Ovjang","1040","2","0","2","1943,2067","1943(NO_SQL); 2067(NO_SQL)","True","False"
"Pieuje_UC","1068","1","1","0","","","False","False"
"Prishe","1028","3","0","3","3234,3235,3236","3234(NO_SQL); 3235(NO_SQL); 3236(NO_SQL)","True","False"
"Prishe_II","1126","3","0","3","3234,3235,3236","3234(NO_SQL); 3235(NO_SQL); 3236(NO_SQL)","True","False"
"Qultada","1082","4","4","0","","","False","False"
"Rainemard","1035","4","4","0","","","False","False"
"Robel-Akbel","1092","1","1","0","","","False","False"
"Romaa_Mihgo","1064","4","4","0","","","False","False"
"Rongelouts","1088","4","4","0","","","False","False"
"Rosulatia","1100","1","1","0","","","False","False"
"Rughadjeen","1075","4","3","1","3237","3237(NO_SQL)","False","False"
"Sakura","1042","1","1","0","","","False","False"
"Selh_teus","1094","3","0","3","1508,1509,1510","1508(NO_SQL); 1509(NO_SQL); 1510(NO_SQL)","True","False"
"Semih_Lafihna","1055","4","0","4","3487,3488,3489,3490","3487(NO_SQL); 3488(NO_SQL); 3489(NO_SQL); 3490(NO_SQL)","True","False"
"Shantotto","1011","1","1","0","","","False","False"
"Shantotto_II","1134","4","0","4","3740,3741,3742,3743","3740(NO_SQL); 3741(NO_SQL); 3742(NO_SQL); 3743(NO_SQL)","True","False"
"Shantotto_II_Melee","1163","1","0","1","3739","3739(NO_SQL)","True","False"
"Shikaree_Z","1030","4","4","0","","","False","False"
"Star_Sibyl","1050","1","1","0","","","False","False"
"Sylvie_UC","1096","1","1","0","","","False","False"
"Tenzen","1023","6","0","6","1390,1391,1392,1393,1394,1395","1390(NO_SQL); 1391(NO_SQL); 1392(NO_SQL); 1393(NO_SQL); 1394(NO_SQL); 1395(NO_SQL)","True","False"
"Tenzen_II","1129","4","4","0","","","False","False"
"Teodor","1101","1","1","0","","","False","False"
"Trion","1020","4","0","4","968,970,3193,3194","968(NO_SQL); 970(NO_SQL); 3193(NO_SQL); 3194(NO_SQL)","True","False"
"Uka_Totlihn","1062","1","1","0","","","False","False"
"Ullegore","1102","1","1","0","","","False","False"
"Ulmia","1029","1","1","0","","","False","False"
"Valaineral","1025","4","4","0","","","False","False"
"Volker","1018","4","4","0","","","False","False"
"Ygnas","1113","1","1","0","","","False","False"
"Yoran-Oran_UC","1095","1","1","0","","","False","False"
"Zazarg","1039","4","4","0","","","False","False"
"Zeid","1021","5","5","0","","","False","False"
"Zeid_II","1125","5","5","0","","","False","False"
